{
    "Chart-1": "getLegendItems",
    "Chart-10": "generateToolTipFragment",
    "Chart-11": "equal",
    "Chart-12": "MultiplePiePlot",
    "Chart-13": "arrangeFF",
    "Chart-17": "clone",
    "Chart-20": "ValueMarker",
    "Chart-24": "getPaint",
    "Chart-26": "drawLabel",
    "Chart-3": "createCopy",
    "Chart-4": "getDataRange",
    "Chart-5": "addOrUpdate",
    "Chart-6": "equals",
    "Chart-7": "updateBounds",
    "Chart-8": "Week",
    "Chart-9": "createCopy",
    "Cli-11": "appendOption",
    "Cli-12": "flatten",
    "Cli-14": "validate",
    "Cli-15": "getValues",
    "Cli-17": "burstToken",
    "Cli-19": "processOptionToken",
    "Cli-20": "flatten",
    "Cli-23": "renderWrappedText",
    "Cli-24": "renderWrappedText",
    "Cli-25": "renderWrappedText",
    "Cli-26": "create",
    "Cli-27": "setSelected",
    "Cli-28": "processProperties",
    "Cli-29": "stripLeadingAndTrailingQuotes",
    "Cli-32": "findWrapPos",
    "Cli-35": "getMatchingOptions",
    "Cli-37": "isShortOption",
    "Cli-38": "isShortOption",
    "Cli-4": "checkRequiredOptions",
    "Cli-40": "createValue",
    "Cli-5": "stripLeadingHyphens",
    "Cli-8": "renderWrappedText",
    "Cli-9": "checkRequiredOptions",
    "Closure-1": "removeUnreferencedFunctionArgs",
    "Closure-10": "mayBeString",
    "Closure-101": "createOptions",
    "Closure-102": "process",
    "Closure-104": "meet",
    "Closure-105": "tryFoldStringJoin",
    "Closure-107": "createOptions",
    "Closure-109": "parseContextTypeExpression",
    "Closure-11": "visitGetProp",
    "Closure-111": "caseTopType",
    "Closure-112": "inferTemplatedTypesForCall",
    "Closure-113": "processRequireCall",
    "Closure-114": "recordAssignment",
    "Closure-115": "canInlineReferenceDirectly",
    "Closure-116": "canInlineReferenceDirectly",
    "Closure-117": "getReadableJSTypeName",
    "Closure-118": "handleObjectLit",
    "Closure-119": "collect",
    "Closure-12": "hasExceptionHandler",
    "Closure-120": "isAssignedOnceInLifetime",
    "Closure-121": "inlineNonConstants",
    "Closure-122": "handleBlockComment",
    "Closure-123": "add",
    "Closure-124": "isSafeReplacement",
    "Closure-125": "visitNew",
    "Closure-126": "tryMinimizeExits",
    "Closure-128": "isSimpleNumber",
    "Closure-129": "annotateCalls",
    "Closure-13": "traverse",
    "Closure-130": "inlineAliases",
    "Closure-131": "isJSIdentifier",
    "Closure-132": "tryMinimizeIf",
    "Closure-133": "getRemainingJSDocLine",
    "Closure-14": "computeFollowNode",
    "Closure-145": "isOneExactlyFunctionOrDo",
    "Closure-146": "getTypesUnderInequality",
    "Closure-15": "apply",
    "Closure-150": "visit",
    "Closure-152": "resolveInternal",
    "Closure-159": "findCalledFunctions",
    "Closure-160": "initOptions",
    "Closure-161": "tryFoldArrayAccess",
    "Closure-164": "isSubtype",
    "Closure-166": "matchConstraint",
    "Closure-168": "visit",
    "Closure-17": "getDeclaredType",
    "Closure-172": "isQualifiedNameInferred",
    "Closure-176": "updateScopeForTypeChange",
    "Closure-18": "parseInputs",
    "Closure-19": "declareNameInScope",
    "Closure-2": "checkInterfaceConflictProperties",
    "Closure-20": "tryFoldSimpleFunctionCall",
    "Closure-21": "visit",
    "Closure-22": "visit",
    "Closure-23": "tryFoldArrayAccess",
    "Closure-24": "findAliases",
    "Closure-25": "traverseNew",
    "Closure-29": "isInlinableObject",
    "Closure-31": "parseInputs",
    "Closure-32": "extractMultilineTextualBlock",
    "Closure-33": "matchConstraint",
    "Closure-35": "inferPropertyTypesToMatchConstraint",
    "Closure-36": "canInline",
    "Closure-38": "addNumber",
    "Closure-39": "toStringHelper",
    "Closure-4": "resolveInternal",
    "Closure-40": "visit",
    "Closure-42": "processForInLoop",
    "Closure-44": "add",
    "Closure-48": "maybeDeclareQualifiedName",
    "Closure-5": "isInlinableObject",
    "Closure-50": "tryFoldArrayJoin",
    "Closure-51": "addNumber",
    "Closure-52": "isSimpleNumber",
    "Closure-53": "replaceAssignmentExpression",
    "Closure-55": "isReduceableFunctionExpression",
    "Closure-56": "getLine",
    "Closure-57": "extractClassNameIfGoog",
    "Closure-58": "computeGenKill",
    "Closure-59": "initOptions",
    "Closure-61": "functionCallHasSideEffects",
    "Closure-62": "format",
    "Closure-65": "strEscape",
    "Closure-66": "visit",
    "Closure-67": "isPrototypePropertyAssign",
    "Closure-69": "visitCall",
    "Closure-7": "caseObjectType",
    "Closure-70": "declareArguments",
    "Closure-71": "checkPropertyVisibility",
    "Closure-73": "strEscape",
    "Closure-77": "strEscape",
    "Closure-78": "performArithmeticOp",
    "Closure-81": "processFunctionNode",
    "Closure-82": "isEmptyType",
    "Closure-83": "parseArguments",
    "Closure-86": "evaluatesToLocalValue",
    "Closure-87": "isFoldableExpressBlock",
    "Closure-88": "isVariableReadBeforeKill",
    "Closure-91": "shouldTraverse",
    "Closure-92": "replace",
    "Closure-94": "isValidDefineValue",
    "Closure-95": "defineSlot",
    "Closure-96": "visitParameterList",
    "Closure-97": "tryFoldShift",
    "Closure-99": "shouldTraverse",
    "Codec-10": "caverphone",
    "Codec-15": "getMappingCode",
    "Codec-17": "newStringIso8859_1",
    "Codec-18": "equals",
    "Codec-2": "encode",
    "Codec-3": "handleG",
    "Codec-4": "Base64",
    "Codec-5": "decode",
    "Codec-6": "read",
    "Codec-7": "encodeBase64String",
    "Codec-9": "encodeBase64",
    "Collections-26": "readResolve",
    "Compress-1": "close",
    "Compress-10": "resolveLocalFileHeaderData",
    "Compress-11": "createArchiveInputStream",
    "Compress-12": "getNextTarEntry",
    "Compress-13": "setName",
    "Compress-14": "parseOctal",
    "Compress-15": "equals",
    "Compress-16": "createArchiveInputStream",
    "Compress-17": "parseOctal",
    "Compress-18": "writePaxHeaders",
    "Compress-19": "reparseCentralDirectoryData",
    "Compress-21": "writeBits",
    "Compress-23": "decode",
    "Compress-24": "parseOctal",
    "Compress-25": "ZipArchiveInputStream",
    "Compress-26": "skip",
    "Compress-27": "parseOctal",
    "Compress-28": "read",
    "Compress-30": "read",
    "Compress-31": "parseOctal",
    "Compress-32": "applyPaxHeadersToCurrentEntry",
    "Compress-35": "verifyCheckSum",
    "Compress-36": "getCurrentStream",
    "Compress-37": "parsePaxHeaders",
    "Compress-38": "isDirectory",
    "Compress-40": "readBits",
    "Compress-41": "getNextZipEntry",
    "Compress-44": "ChecksumCalculatingInputStream",
    "Compress-45": "formatLongOctalOrBinaryBytes",
    "Compress-46": "unixTimeToZipLong",
    "Compress-5": "read",
    "Compress-7": "parseName",
    "Compress-8": "parseOctal",
    "Csv-1": "read",
    "Csv-10": "CSVPrinter",
    "Csv-11": "initializeHeader",
    "Csv-14": "printAndQuote",
    "Csv-15": "printAndQuote",
    "Csv-2": "get",
    "Csv-3": "readEscape",
    "Csv-4": "getHeaderMap",
    "Csv-5": "println",
    "Csv-6": "putIn",
    "Csv-9": "putIn",
    "Gson-11": "read",
    "Gson-12": "skipValue",
    "Gson-13": "peekNumber",
    "Gson-15": "value",
    "Gson-16": "resolve",
    "Gson-17": "read",
    "Gson-18": "getSupertype",
    "Gson-5": "parse",
    "Gson-6": "getTypeAdapter",
    "JacksonCore-11": "_verifySharing",
    "JacksonCore-15": "nextToken",
    "JacksonCore-20": "writeEmbeddedObject",
    "JacksonCore-21": "nextToken",
    "JacksonCore-23": "createInstance",
    "JacksonCore-25": "_handleOddName2",
    "JacksonCore-26": "feedInput",
    "JacksonCore-3": "UTF8StreamJsonParser",
    "JacksonCore-4": "expandCurrentSegment",
    "JacksonCore-5": "_parseIndex",
    "JacksonCore-6": "_parseIndex",
    "JacksonCore-7": "writeValue",
    "JacksonCore-8": "getTextBuffer",
    "JacksonDatabind-1": "serializeAsColumn",
    "JacksonDatabind-100": "getBinaryValue",
    "JacksonDatabind-101": "deserializeUsingPropertyBasedWithUnwrapped",
    "JacksonDatabind-102": "createContextual",
    "JacksonDatabind-107": "_findDeserializer",
    "JacksonDatabind-11": "_fromVariable",
    "JacksonDatabind-112": "createContextual",
    "JacksonDatabind-12": "isCachable",
    "JacksonDatabind-16": "_add",
    "JacksonDatabind-17": "useForType",
    "JacksonDatabind-19": "_mapType",
    "JacksonDatabind-24": "withDateFormat",
    "JacksonDatabind-27": "deserializeUsingPropertyBasedWithExternalTypeId",
    "JacksonDatabind-28": "deserialize",
    "JacksonDatabind-33": "findNameForSerialization",
    "JacksonDatabind-34": "acceptJsonFormatVisitor",
    "JacksonDatabind-35": "_deserialize",
    "JacksonDatabind-37": "_narrow",
    "JacksonDatabind-39": "deserialize",
    "JacksonDatabind-42": "_deserializeFromEmptyString",
    "JacksonDatabind-44": "_narrow",
    "JacksonDatabind-45": "createContextual",
    "JacksonDatabind-46": "getGenericSignature",
    "JacksonDatabind-47": "refineSerializationType",
    "JacksonDatabind-49": "generateId",
    "JacksonDatabind-5": "_addMethodMixIns",
    "JacksonDatabind-51": "_findDeserializer",
    "JacksonDatabind-54": "buildWriter",
    "JacksonDatabind-57": "readValues",
    "JacksonDatabind-58": "constructSettableProperty",
    "JacksonDatabind-6": "parseAsISO8601",
    "JacksonDatabind-62": "createContextual",
    "JacksonDatabind-64": "buildWriter",
    "JacksonDatabind-67": "createKeyDeserializer",
    "JacksonDatabind-7": "deserialize",
    "JacksonDatabind-70": "remove",
    "JacksonDatabind-71": "forType",
    "JacksonDatabind-74": "_deserializeTypedUsingDefaultImpl",
    "JacksonDatabind-76": "deserializeUsingPropertyBasedWithUnwrapped",
    "JacksonDatabind-8": "verifyNonDup",
    "JacksonDatabind-82": "addBeanProps",
    "JacksonDatabind-83": "deserialize",
    "JacksonDatabind-85": "createContextual",
    "JacksonDatabind-88": "_typeFromId",
    "JacksonDatabind-9": "serialize",
    "JacksonDatabind-91": "_hasCustomHandlers",
    "JacksonDatabind-93": "validateSubType",
    "JacksonDatabind-96": "_addExplicitAnyCreator",
    "JacksonDatabind-97": "serialize",
    "JacksonDatabind-98": "complete",
    "JacksonDatabind-99": "buildCanonicalName",
    "JacksonXml-1": "nextToken",
    "JacksonXml-3": "nextTextValue",
    "JacksonXml-4": "_serializeXmlNull",
    "JacksonXml-5": "XmlSerializerProvider",
    "Jsoup-1": "normalise",
    "Jsoup-10": "absUrl",
    "Jsoup-13": "hasAttr",
    "Jsoup-15": "process",
    "Jsoup-19": "testValidProtocol",
    "Jsoup-2": "parseStartTag",
    "Jsoup-20": "parseByteData",
    "Jsoup-24": "read",
    "Jsoup-26": "clean",
    "Jsoup-27": "getCharsetFromContentType",
    "Jsoup-32": "clone",
    "Jsoup-33": "insert",
    "Jsoup-34": "nextIndexOf",
    "Jsoup-35": "process",
    "Jsoup-37": "html",
    "Jsoup-38": "process",
    "Jsoup-39": "parseByteData",
    "Jsoup-40": "DocumentType",
    "Jsoup-41": "equals",
    "Jsoup-42": "formData",
    "Jsoup-43": "indexInList",
    "Jsoup-45": "resetInsertionMode",
    "Jsoup-46": "escape",
    "Jsoup-47": "escape",
    "Jsoup-48": "processResponseHeaders",
    "Jsoup-49": "addChildren",
    "Jsoup-5": "parseAttribute",
    "Jsoup-50": "parseByteData",
    "Jsoup-51": "matchesLetter",
    "Jsoup-53": "chompBalanced",
    "Jsoup-54": "copyAttributes",
    "Jsoup-55": "read",
    "Jsoup-57": "removeIgnoreCase",
    "Jsoup-59": "newAttribute",
    "Jsoup-6": "unescape",
    "Jsoup-61": "hasClass",
    "Jsoup-62": "anyOtherEndTag",
    "Jsoup-64": "handleRawtext",
    "Jsoup-68": "inSpecificScope",
    "Jsoup-70": "preserveWhitespace",
    "Jsoup-72": "cacheString",
    "Jsoup-75": "html",
    "Jsoup-76": "process",
    "Jsoup-77": "popStackToClose",
    "Jsoup-80": "insert",
    "Jsoup-82": "parseInputStream",
    "Jsoup-84": "head",
    "Jsoup-85": "Attribute",
    "Jsoup-86": "asXmlDeclaration",
    "Jsoup-88": "getValue",
    "Jsoup-89": "setValue",
    "Jsoup-90": "looksLikeUtf8",
    "Jsoup-93": "formData",
    "JxPath-10": "computeValue",
    "JxPath-12": "testNode",
    "JxPath-21": "getLength",
    "JxPath-22": "getNamespaceURI",
    "JxPath-5": "compareNodePointers",
    "JxPath-6": "equal",
    "JxPath-8": "compute",
    "Lang-1": "createNumber",
    "Lang-10": "escapeRegex",
    "Lang-11": "random",
    "Lang-12": "random",
    "Lang-14": "equals",
    "Lang-16": "createNumber",
    "Lang-17": "translate",
    "Lang-18": "parsePattern",
    "Lang-19": "translate",
    "Lang-21": "isSameLocalTime",
    "Lang-22": "greatestCommonDivisor",
    "Lang-24": "isNumber",
    "Lang-26": "format",
    "Lang-27": "createNumber",
    "Lang-28": "translate",
    "Lang-29": "toJavaVersionInt",
    "Lang-3": "createNumber",
    "Lang-31": "containsAny",
    "Lang-33": "toClass",
    "Lang-37": "addAll",
    "Lang-38": "format",
    "Lang-39": "replaceEach",
    "Lang-40": "containsIgnoreCase",
    "Lang-42": "escape",
    "Lang-43": "appendQuotedString",
    "Lang-44": "createNumber",
    "Lang-45": "abbreviate",
    "Lang-48": "append",
    "Lang-49": "reduce",
    "Lang-5": "toLocale",
    "Lang-51": "toBoolean",
    "Lang-52": "escapeJavaStyleString",
    "Lang-53": "modify",
    "Lang-54": "toLocale",
    "Lang-55": "stop",
    "Lang-57": "isAvailableLocale",
    "Lang-58": "createNumber",
    "Lang-59": "appendFixedWidthPadRight",
    "Lang-6": "translate",
    "Lang-61": "indexOf",
    "Lang-65": "modify",
    "Lang-9": "init",
    "Math-10": "atan2",
    "Math-101": "parse",
    "Math-102": "chiSquare",
    "Math-103": "cumulativeProbability",
    "Math-105": "getSumSquaredErrors",
    "Math-106": "parse",
    "Math-11": "density",
    "Math-13": "squareRoot",
    "Math-17": "multiply",
    "Math-19": "checkParameters",
    "Math-2": "getNumericalMean",
    "Math-20": "repairAndDecode",
    "Math-21": "RectangularCholeskyDecomposition",
    "Math-23": "doOptimize",
    "Math-24": "doOptimize",
    "Math-25": "guessAOmega",
    "Math-26": "Fraction",
    "Math-27": "percentageValue",
    "Math-28": "getPivotRow",
    "Math-3": "linearCombination",
    "Math-30": "calculateAsymptoticPValue",
    "Math-31": "evaluate",
    "Math-32": "computeGeometricalProperties",
    "Math-33": "dropPhase1Objective",
    "Math-34": "iterator",
    "Math-38": "prelim",
    "Math-39": "integrate",
    "Math-40": "doSolve",
    "Math-41": "evaluate",
    "Math-42": "getSolution",
    "Math-43": "addValue",
    "Math-44": "acceptStep",
    "Math-45": "OpenMapRealMatrix",
    "Math-48": "doSolve",
    "Math-5": "reciprocal",
    "Math-50": "doSolve",
    "Math-51": "doSolve",
    "Math-52": "Rotation",
    "Math-53": "add",
    "Math-55": "crossProduct",
    "Math-56": "getCounts",
    "Math-57": "chooseInitialCenters",
    "Math-58": "fit",
    "Math-59": "max",
    "Math-60": "cumulativeProbability",
    "Math-63": "equals",
    "Math-64": "doOptimize",
    "Math-69": "getCorrelationPValues",
    "Math-7": "acceptStep",
    "Math-70": "solve",
    "Math-72": "solve",
    "Math-73": "solve",
    "Math-74": "integrate",
    "Math-75": "getPct",
    "Math-78": "evaluateStep",
    "Math-79": "distance",
    "Math-8": "sample",
    "Math-80": "flipIfWarranted",
    "Math-82": "getPivotRow",
    "Math-84": "iterateSimplex",
    "Math-85": "bracket",
    "Math-86": "CholeskyDecompositionImpl",
    "Math-87": "getBasicRow",
    "Math-88": "getSolution",
    "Math-89": "addValue",
    "Math-9": "revert",
    "Math-90": "addValue",
    "Math-91": "compareTo",
    "Math-94": "gcd",
    "Math-95": "getInitialDomain",
    "Math-96": "equals",
    "Math-97": "solve",
    "Mockito-1": "captureArgumentsFrom",
    "Mockito-12": "getGenericType",
    "Mockito-13": "handle",
    "Mockito-18": "returnValueFor",
    "Mockito-20": "createMock",
    "Mockito-22": "areEqual",
    "Mockito-24": "answer",
    "Mockito-27": "resetMock",
    "Mockito-28": "injectMockCandidate",
    "Mockito-29": "describeTo",
    "Mockito-33": "hasSameMethod",
    "Mockito-34": "captureArgumentsFrom",
    "Mockito-38": "toStringEquals",
    "Mockito-5": "verify",
    "Mockito-7": "readTypeVariables",
    "Mockito-8": "registerTypeVariablesOn",
    "Time-14": "add",
    "Time-15": "safeMultiply",
    "Time-16": "parseInto",
    "Time-17": "adjustOffset",
    "Time-18": "getDateTimeMillis",
    "Time-19": "getOffsetFromLocal",
    "Time-20": "parseInto",
    "Time-22": "BasePeriod",
    "Time-23": "getConvertedId",
    "Time-24": "computeMillis",
    "Time-25": "getOffsetFromLocal",
    "Time-27": "toFormatter",
    "Time-4": "with",
    "Time-5": "normalizedStandard",
    "Time-7": "parseInto",
    "Time-8": "forOffsetHoursMinutes"
}