{"BS": [["assertPrint(\"var x = {010: 1};\", \"var x={8:1}\");"], ["assertPrint(\"var x = {0x10: 1};\", \"var x={16:1}\");"], ["assertPrint(\"var x = {'0x10': 1};\", \"var x={\\\"0x10\\\":1}\");"], ["assertPrint(\"var x = {.2: 1};\", \"var x={\\\"0.2\\\":1}\");"], ["assertPrint(\"var x = {'.2': 1};\", \"var x={\\\".2\\\":1}\");"], ["assertPrint(\"var x = {0.2: 1};\", \"var x={\\\"0.2\\\":1}\");"], ["assertPrint(\"var x = {'0.2': 1};\", \"var x={\\\"0.2\\\":1}\");"]], "BF": [["assertPrint(\"var x = {'010': 1};\", \"var x={\\\"010\\\":1}\");"]]}