{"BS": [["Data data = new Data();mapTest.put(\"data\", data);final String EXP = \"{\\\"data\\\":{\\\"aStr\\\":\\\"The value is: Hello!\\\"}}\";String mapOut = MAPPER.writer().withAttribute(\"myAttr\", \"Hello!\").writeValueAsString(mapTest);assertEquals(EXP, mapOut);"]], "BF": [["Data data = new Data();mapTest.put(\"data\", data);ObjectNode treeTest = MAPPER.createObjectNode();treeTest.putPOJO(\"data\", data);final String EXP = \"{\\\"data\\\":{\\\"aStr\\\":\\\"The value is: Hello!\\\"}}\";String treeOut = MAPPER.writer().withAttribute(\"myAttr\", \"Hello!\").writeValueAsString(treeTest);      assertEquals(EXP, treeOut);\n"]]}