{"Type": "String", "AS": [], "BS": [], "BF": [["    {\n        final String CLASS = Payload928.class.getName();\n\n        ObjectMapper mapper = new ObjectMapper();\n\n        final String successCase = \"{\\\"payload\\\":{\\\"something\\\":\\\"test\\\"},\\\"class\\\":\\\"\"+CLASS+\"\\\"}\";\n        Envelope928 envelope1 = mapper.readValue(successCase, Envelope928.class);\n\n        // and then re-ordered case that was problematic\n        final String failCase = \"{\\\"class\\\":\\\"\"+CLASS+\"\\\",\\\"payload\\\":{\\\"something\\\":\\\"test\\\"}}\";\n        Envelope928 envelope2 = mapper.readValue(failCase, Envelope928.class);\n\n\n    public <T> T readValue(String content, Class<T> valueType)\n        throws IOException, JsonParseException, JsonMappingException\n    {\n     // !!! TODO\n//    \t_setupClassLoaderForDeserialization(valueType);\n        return (T) _readMapAndClose(_jsonFactory.createParser(content), _typeFactory.constructType(valueType));\n\n\n    protected Object _readMapAndClose(JsonParser jp, JavaType valueType)\n        throws IOException, JsonParseException, JsonMappingException\n    {\n        try {\n            Object result;\n            JsonToken t = _initForReading(jp);\n            if (t == JsonToken.VALUE_NULL) {\n                // [JACKSON-643]: Ask JsonDeserializer what 'null value' to use:\n                DeserializationContext ctxt = createDeserializationContext(jp,\n                        getDeserializationConfig());\n                result = _findRootDeserializer(ctxt, valueType).getNullValue(ctxt);\n            } else if (t == JsonToken.END_ARRAY || t == JsonToken.END_OBJECT) {\n                result = null;\n            } else {\n                DeserializationConfig cfg = getDeserializationConfig();\n                DeserializationContext ctxt = createDeserializationContext(jp, cfg);\n                JsonDeserializer<Object> deser = _findRootDeserializer(ctxt, valueType);\n                if (cfg.useRootWrapping()) {\n                    result = _unwrapAndDeserialize(jp, ctxt, cfg, valueType, deser);\n                } else {\n                    result = deser.deserialize(jp, ctxt);\n\n\n    public Object deserialize(JsonParser p, DeserializationContext ctxt) throws IOException\n    {\n        // common case first\n        if (p.isExpectedStartObjectToken()) {\n            if (_vanillaProcessing) {\n                return vanillaDeserialize(p, ctxt, p.nextToken());\n            }\n            p.nextToken();\n            if (_objectIdReader != null) {\n                return deserializeWithObjectId(p, ctxt);\n            }\n            return deserializeFromObject(p, ctxt);\n\n\n    public Object deserializeFromObject(JsonParser p, DeserializationContext ctxt) throws IOException\n    {\n        /* 09-Dec-2014, tatu: As per [#622], we need to allow Object Id references\n         *   to come in as JSON Objects as well; but for now assume they will\n         *   be simple, single-property references, which means that we can\n         *   recognize them without having to buffer anything.\n         *   Once again, if we must, we can do more complex handling with buffering,\n         *   but let's only do that if and when that becomes necessary.\n         */\n        if (_objectIdReader != null && _objectIdReader.maySerializeAsObject()) {\n            if (p.hasTokenId(JsonTokenId.ID_FIELD_NAME)\n                    && _objectIdReader.isValidReferencePropertyName(p.getCurrentName(), p)) {\n                return deserializeFromObjectId(p, ctxt);\n            }\n        }\n        if (_nonStandardCreation) {\n            if (_unwrappedPropertyHandler != null) {\n                return deserializeWithUnwrapped(p, ctxt);\n            }\n            if (_externalTypeIdHandler != null) {\n                return deserializeWithExternalTypeId(p, ctxt);\n\n\n    protected Object deserializeWithExternalTypeId(JsonParser p, DeserializationContext ctxt)\n        throws IOException\n    {\n        if (_propertyBasedCreator != null) {\n            return deserializeUsingPropertyBasedWithExternalTypeId(p, ctxt);\n\n\n    protected Object deserializeUsingPropertyBasedWithExternalTypeId(JsonParser p, DeserializationContext ctxt)\n        throws IOException\n    {\n        final ExternalTypeHandler ext = _externalTypeIdHandler.start();\n        final PropertyBasedCreator creator = _propertyBasedCreator;\n        PropertyValueBuffer buffer = creator.startBuilding(p, ctxt, _objectIdReader);\n\n        TokenBuffer tokens = new TokenBuffer(p);\n        tokens.writeStartObject();\n\n        JsonToken t = p.getCurrentToken();\n        for (; t == JsonToken.FIELD_NAME; t = p.nextToken()) {\n            String propName = p.getCurrentName();\n            p.nextToken(); // to point to value\n            // creator property?\n            SettableBeanProperty creatorProp = creator.findCreatorProperty(propName);\n            if (creatorProp != null) {\n                // first: let's check to see if this might be part of value with external type id:\n                // 11-Sep-2015, tatu: Important; do NOT pass buffer as last arg, but null,\n                //   since it is not the bean\n                if (ext.handlePropertyValue(p, ctxt, propName, buffer)) {\n\n\n    public boolean handlePropertyValue(JsonParser jp, DeserializationContext ctxt,\n            String propName, Object bean) throws IOException\n    {\n        Integer I = _nameToPropertyIndex.get(propName);\n        if (I == null) {\n            return false;\n        }\n        int index = I.intValue();\n        ExtTypedProperty prop = _properties[index];\n        boolean canDeserialize;\n        if (prop.hasTypePropertyName(propName)) {\n            _typeIds[index] = jp.getText();\n            jp.skipChildren();\n            canDeserialize = (bean != null) && (_tokens[index] != null);\n        } else {\n            @SuppressWarnings(\"resource\")\n            TokenBuffer tokens = new TokenBuffer(jp);\n            tokens.copyCurrentStructure(jp);\n            _tokens[index] = tokens;\n            canDeserialize = (bean != null) && (_typeIds[index] != null);\n        }\n        /* Minor optimization: let's deserialize properties as soon as\n         * we have all pertinent information:\n         */\n        if (canDeserialize) {\n            String typeId = _typeIds[index];\n            // clear stored data, to avoid deserializing+setting twice:\n            _typeIds[index] = null;\n            _deserializeAndSet(jp, ctxt, bean, index, typeId);\n\n\n    protected final void _deserializeAndSet(JsonParser jp, DeserializationContext ctxt,\n            Object bean, int index, String typeId) throws IOException\n    {\n        /* Ok: time to mix type id, value; and we will actually use \"wrapper-array\"\n         * style to ensure we can handle all kinds of JSON constructs.\n         */\n        TokenBuffer merged = new TokenBuffer(jp);\n        merged.writeStartArray();\n        merged.writeString(typeId);\n        JsonParser p2 = _tokens[index].asParser(jp);\n        p2.nextToken();\n        merged.copyCurrentStructure(p2);\n        merged.writeEndArray();\n        // needs to point to START_OBJECT (or whatever first token is)\n        p2 = merged.asParser(jp);\n        p2.nextToken();\n        _properties[index].getProperty().deserializeAndSet(p2, ctxt, bean);\n\n\n    public void deserializeAndSet(JsonParser jp, DeserializationContext ctxt,\n                                  Object instance)\n        throws IOException, JsonProcessingException\n    {\n        set(instance, deserialize(jp, ctxt));\n\n\n    public void set(Object instance, Object value) throws IOException\n    {\n        /* Hmmmh. Should we return quietly (NOP), or error?\n         * Perhaps better to throw an exception, since it's generally an error.\n         */\n        if (_fallbackSetter == null) {\n            throw new IllegalStateException(\"No fallback setter/field defined: can not use creator property for \"\n                    +getClass().getName());\n\n\n"]]}