{"Type": "String", "AS": [], "BS": [], "BF": [["        _testSymbolTableExpansion(true);\n\n\n    public void _testSymbolTableExpansion(boolean useBytes) throws Exception\n    {\n        JsonFactory jsonFactory = new JsonFactory();\n        // Important: must create separate documents to gradually build up symbol table\n        for (int i = 0; i < 200; i++) {\n            String field = Integer.toString(i);\n            final String doc = \"{ \\\"\" + field + \"\\\" : \\\"test\\\" }\";\n            JsonParser parser = useBytes\n                    ? jsonFactory.createParser(doc.getBytes(\"UTF-8\"))\n                    : jsonFactory.createParser(doc);\n            assertToken(JsonToken.START_OBJECT, parser.nextToken());\n            assertToken(JsonToken.FIELD_NAME, parser.nextToken());\n\n\n    public JsonToken nextToken() throws IOException\n    {\n        _numTypesValid = NR_UNKNOWN;\n        /* First: field names are special -- we will always tokenize\n         * (part of) value along with field name to simplify\n         * state handling. If so, can and need to use secondary token:\n         */\n        if (_currToken == JsonToken.FIELD_NAME) {\n            return _nextAfterName();\n        }\n        if (_tokenIncomplete) {\n            _skipString(); // only strings can be partial\n        }\n        int i = _skipWSOrEnd();\n        if (i < 0) { // end-of-input\n            // Close/release things like input source, symbol table and recyclable buffers\n            close();\n            return (_currToken = null);\n        }\n\n        // First, need to ensure we know the starting location of token\n        // after skipping leading white space\n        _tokenInputTotal = _currInputProcessed + _inputPtr - 1;\n        _tokenInputRow = _currInputRow;\n        _tokenInputCol = _inputPtr - _currInputRowStart - 1;\n\n        // finally: clear any data retained so far\n        _binaryValue = null;\n\n        // Closing scope?\n        if (i == INT_RBRACKET) {\n            if (!_parsingContext.inArray()) {\n                _reportMismatchedEndMarker(i, '}');\n            }\n            _parsingContext = _parsingContext.getParent();\n            return (_currToken = JsonToken.END_ARRAY);\n        }\n        if (i == INT_RCURLY) {\n            if (!_parsingContext.inObject()) {\n                _reportMismatchedEndMarker(i, ']');\n            }\n            _parsingContext = _parsingContext.getParent();\n            return (_currToken = JsonToken.END_OBJECT);\n        }\n\n        // Nope: do we then expect a comma?\n        if (_parsingContext.expectComma()) {\n            if (i != INT_COMMA) {\n                _reportUnexpectedChar(i, \"was expecting comma to separate \"+_parsingContext.getTypeDesc()+\" entries\");\n            }\n            i = _skipWS();\n        }\n\n        /* And should we now have a name? Always true for\n         * Object contexts, since the intermediate 'expect-value'\n         * state is never retained.\n         */\n        if (!_parsingContext.inObject()) {\n            return _nextTokenNotInObject(i);\n        }\n        // So first parse the field name itself:\n        String n = _parseName(i);\n\n\n    protected final String _parseName(int i) throws IOException\n    {\n        if (i != INT_QUOTE) {\n            return _handleOddName(i);\n        }\n        // First: can we optimize out bounds checks?\n        if ((_inputPtr + 13) > _inputEnd) { // Need up to 12 chars, plus one trailing (quote)\n            return slowParseName();\n        }\n\n        // If so, can also unroll loops nicely\n        /* 25-Nov-2008, tatu: This may seem weird, but here we do\n         *   NOT want to worry about UTF-8 decoding. Rather, we'll\n         *   assume that part is ok (if not it will get caught\n         *   later on), and just handle quotes and backslashes here.\n         */\n        final byte[] input = _inputBuffer;\n        final int[] codes = _icLatin1;\n\n        int q = input[_inputPtr++] & 0xFF;\n\n        if (codes[q] == 0) {\n            i = input[_inputPtr++] & 0xFF;\n            if (codes[i] == 0) {\n                q = (q << 8) | i;\n                i = input[_inputPtr++] & 0xFF;\n                if (codes[i] == 0) {\n                    q = (q << 8) | i;\n                    i = input[_inputPtr++] & 0xFF;\n                    if (codes[i] == 0) {\n                        q = (q << 8) | i;\n                        i = input[_inputPtr++] & 0xFF;\n                        if (codes[i] == 0) {\n                            _quad1 = q;\n                            return parseMediumName(i);\n                        }\n                        if (i == INT_QUOTE) { // 4 byte/char case or broken\n                            return findName(q, 4);\n                        }\n                        return parseName(q, i, 4);\n                    }\n                    if (i == INT_QUOTE) { // 3 byte/char case or broken\n                        return findName(q, 3);\n                    }\n                    return parseName(q, i, 3);\n                }                \n                if (i == INT_QUOTE) { // 2 byte/char case or broken\n                    return findName(q, 2);\n\n\n        String name = _symbols.findName(q1);\n        if (name != null) {\n            return name;\n        }\n        // If not, more work. We'll need add stuff to buffer\n        _quadBuffer[0] = q1;\n        return addName(_quadBuffer, 1, lastQuadBytes);\n\n\n    private final String addName(int[] quads, int qlen, int lastQuadBytes) throws JsonParseException\n    {\n        /* Ok: must decode UTF-8 chars. No other validation is\n         * needed, since unescaping has been done earlier as necessary\n         * (as well as error reporting for unescaped control chars)\n         */\n        // 4 bytes per quad, except last one maybe less\n        int byteLen = (qlen << 2) - 4 + lastQuadBytes;\n\n        /* And last one is not correctly aligned (leading zero bytes instead\n         * need to shift a bit, instead of trailing). Only need to shift it\n         * for UTF-8 decoding; need revert for storage (since key will not\n         * be aligned, to optimize lookup speed)\n         */\n        int lastQuad;\n\n        if (lastQuadBytes < 4) {\n            lastQuad = quads[qlen-1];\n            // 8/16/24 bit left shift\n            quads[qlen-1] = (lastQuad << ((4 - lastQuadBytes) << 3));\n        } else {\n            lastQuad = 0;\n        }\n\n        // Need some working space, TextBuffer works well:\n        char[] cbuf = _textBuffer.emptyAndGetCurrentSegment();\n        int cix = 0;\n\n        for (int ix = 0; ix < byteLen; ) {\n            int ch = quads[ix >> 2]; // current quad, need to shift+mask\n            int byteIx = (ix & 3);\n            ch = (ch >> ((3 - byteIx) << 3)) & 0xFF;\n            ++ix;\n\n            if (ch > 127) { // multi-byte\n                int needed;\n                if ((ch & 0xE0) == 0xC0) { // 2 bytes (0x0080 - 0x07FF)\n                    ch &= 0x1F;\n                    needed = 1;\n                } else if ((ch & 0xF0) == 0xE0) { // 3 bytes (0x0800 - 0xFFFF)\n                    ch &= 0x0F;\n                    needed = 2;\n                } else if ((ch & 0xF8) == 0xF0) { // 4 bytes; double-char with surrogates and all...\n                    ch &= 0x07;\n                    needed = 3;\n                } else { // 5- and 6-byte chars not valid xml chars\n                    _reportInvalidInitial(ch);\n                    needed = ch = 1; // never really gets this far\n                }\n                if ((ix + needed) > byteLen) {\n                    _reportInvalidEOF(\" in field name\");\n                }\n                \n                // Ok, always need at least one more:\n                int ch2 = quads[ix >> 2]; // current quad, need to shift+mask\n                byteIx = (ix & 3);\n                ch2 = (ch2 >> ((3 - byteIx) << 3));\n                ++ix;\n                \n                if ((ch2 & 0xC0) != 0x080) {\n                    _reportInvalidOther(ch2);\n                }\n                ch = (ch << 6) | (ch2 & 0x3F);\n                if (needed > 1) {\n                    ch2 = quads[ix >> 2];\n                    byteIx = (ix & 3);\n                    ch2 = (ch2 >> ((3 - byteIx) << 3));\n                    ++ix;\n                    \n                    if ((ch2 & 0xC0) != 0x080) {\n                        _reportInvalidOther(ch2);\n                    }\n                    ch = (ch << 6) | (ch2 & 0x3F);\n                    if (needed > 2) { // 4 bytes? (need surrogates on output)\n                        ch2 = quads[ix >> 2];\n                        byteIx = (ix & 3);\n                        ch2 = (ch2 >> ((3 - byteIx) << 3));\n                        ++ix;\n                        if ((ch2 & 0xC0) != 0x080) {\n                            _reportInvalidOther(ch2 & 0xFF);\n                        }\n                        ch = (ch << 6) | (ch2 & 0x3F);\n                    }\n                }\n                if (needed > 2) { // surrogate pair? once again, let's output one here, one later on\n                    ch -= 0x10000; // to normalize it starting with 0x0\n                    if (cix >= cbuf.length) {\n                        cbuf = _textBuffer.expandCurrentSegment();\n                    }\n                    cbuf[cix++] = (char) (0xD800 + (ch >> 10));\n                    ch = 0xDC00 | (ch & 0x03FF);\n                }\n            }\n            if (cix >= cbuf.length) {\n                cbuf = _textBuffer.expandCurrentSegment();\n            }\n            cbuf[cix++] = (char) ch;\n        }\n\n        // Ok. Now we have the character array, and can construct the String\n        String baseName = new String(cbuf, 0, cix);\n        // And finally, un-align if necessary\n        if (lastQuadBytes < 4) {\n            quads[qlen-1] = lastQuad;\n        }\n        return _symbols.addName(baseName, quads, qlen);\n\n\n    public String addName(String name, int[] q, int qlen)\n    {\n        _verifySharing();\n        if (_intern) {\n            name = InternCache.instance.intern(name);\n        }\n        int offset;\n        \n        switch (qlen) {\n        case 1:\n        {\n                offset = _findOffsetForAdd(calcHash(q[0]));\n                _hashArea[offset] = q[0];\n\n\n"]]}