{"Type": "String", "AS": [], "BS": [], "BF": [["    {\n        final String MSG = \"1st\";\n        OneProperty actual = MAPPER.readValue(\n                \"{\\\"param_name0\\\":\\\"\"+MSG+\"\\\"}\",\n                OneProperty.class);\n\n\n    public <T> T readValue(String content, Class<T> valueType)\n        throws IOException, JsonParseException, JsonMappingException\n    {\n        return (T) _readMapAndClose(_jsonFactory.createParser(content), _typeFactory.constructType(valueType));\n\n\n    protected Object _readMapAndClose(JsonParser p0, JavaType valueType)\n        throws IOException\n    {\n        try (JsonParser p = p0) {\n            Object result;\n            JsonToken t = _initForReading(p, valueType);\n            final DeserializationConfig cfg = getDeserializationConfig();\n            final DeserializationContext ctxt = createDeserializationContext(p, cfg);\n            if (t == JsonToken.VALUE_NULL) {\n                // Ask JsonDeserializer what 'null value' to use:\n                result = _findRootDeserializer(ctxt, valueType).getNullValue(ctxt);\n            } else if (t == JsonToken.END_ARRAY || t == JsonToken.END_OBJECT) {\n                result = null;\n            } else {\n                JsonDeserializer<Object> deser = _findRootDeserializer(ctxt, valueType);\n\n\n    protected JsonDeserializer<Object> _findRootDeserializer(DeserializationContext ctxt,\n            JavaType valueType)\n        throws JsonMappingException\n    {\n        // First: have we already seen it?\n        JsonDeserializer<Object> deser = _rootDeserializers.get(valueType);\n        if (deser != null) {\n            return deser;\n        }\n        // Nope: need to ask provider to resolve it\n        deser = ctxt.findRootValueDeserializer(valueType);\n\n\n    public final JsonDeserializer<Object> findRootValueDeserializer(JavaType type)\n        throws JsonMappingException\n    {\n        JsonDeserializer<Object> deser = _cache.findValueDeserializer(this,\n                _factory, type);\n\n\n    public JsonDeserializer<Object> findValueDeserializer(DeserializationContext ctxt,\n            DeserializerFactory factory, JavaType propertyType)\n        throws JsonMappingException\n    {\n        JsonDeserializer<Object> deser = _findCachedDeserializer(propertyType);\n        if (deser == null) {\n            // If not, need to request factory to construct (or recycle)\n            deser = _createAndCacheValueDeserializer(ctxt, factory, propertyType);\n\n\n    protected JsonDeserializer<Object> _createAndCacheValueDeserializer(DeserializationContext ctxt,\n            DeserializerFactory factory, JavaType type)\n        throws JsonMappingException\n    {\n        /* Only one thread to construct deserializers at any given point in time;\n         * limitations necessary to ensure that only completely initialized ones\n         * are visible and used.\n         */\n        synchronized (_incompleteDeserializers) {\n            // Ok, then: could it be that due to a race condition, deserializer can now be found?\n            JsonDeserializer<Object> deser = _findCachedDeserializer(type);\n            if (deser != null) {\n                return deser;\n            }\n            int count = _incompleteDeserializers.size();\n            // Or perhaps being resolved right now?\n            if (count > 0) {\n                deser = _incompleteDeserializers.get(type);\n                if (deser != null) {\n                    return deser;\n                }\n            }\n            // Nope: need to create and possibly cache\n            try {\n                return _createAndCache2(ctxt, factory, type);\n\n\n    protected JsonDeserializer<Object> _createAndCache2(DeserializationContext ctxt,\n            DeserializerFactory factory, JavaType type)\n        throws JsonMappingException\n    {\n        JsonDeserializer<Object> deser;\n        try {\n            deser = _createDeserializer(ctxt, factory, type);\n\n\n    protected JsonDeserializer<Object> _createDeserializer(DeserializationContext ctxt,\n            DeserializerFactory factory, JavaType type)\n        throws JsonMappingException\n    {\n        final DeserializationConfig config = ctxt.getConfig();\n\n        // First things first: do we need to use abstract type mapping?\n        if (type.isAbstract() || type.isMapLikeType() || type.isCollectionLikeType()) {\n            type = factory.mapAbstractType(config, type);\n        }\n        BeanDescription beanDesc = config.introspect(type);\n        // Then: does type define explicit deserializer to use, with annotation(s)?\n        JsonDeserializer<Object> deser = findDeserializerFromAnnotation(ctxt,\n                beanDesc.getClassInfo());\n        if (deser != null) {\n            return deser;\n        }\n\n        // If not, may have further type-modification annotations to check:\n        JavaType newType = modifyTypeByAnnotation(ctxt, beanDesc.getClassInfo(), type);\n        if (newType != type) {\n            type = newType;\n            beanDesc = config.introspect(newType);\n        }\n\n        // We may also have a Builder type to consider...\n        Class<?> builder = beanDesc.findPOJOBuilder();\n        if (builder != null) {\n            return (JsonDeserializer<Object>) factory.createBuilderBasedDeserializer(\n            \t\tctxt, type, beanDesc, builder);\n        }\n\n        // Or perhaps a Converter?\n        Converter<Object,Object> conv = beanDesc.findDeserializationConverter();\n        if (conv == null) { // nope, just construct in normal way\n            return (JsonDeserializer<Object>) _createDeserializer2(ctxt, factory, type, beanDesc);\n\n\n    protected JsonDeserializer<?> _createDeserializer2(DeserializationContext ctxt,\n            DeserializerFactory factory, JavaType type, BeanDescription beanDesc)\n        throws JsonMappingException\n    {\n        final DeserializationConfig config = ctxt.getConfig();\n        // If not, let's see which factory method to use:\n        if (type.isEnumType()) {\n            return factory.createEnumDeserializer(ctxt, type, beanDesc);\n        }\n        if (type.isContainerType()) {\n            if (type.isArrayType()) {\n                return factory.createArrayDeserializer(ctxt, (ArrayType) type, beanDesc);\n            }\n            if (type.isMapLikeType()) {\n                // 11-Mar-2017, tatu: As per [databind#1554], also need to block\n                //    handling as Map if overriden with \"as POJO\" option.\n                // Ideally we'd determine it bit later on (to allow custom handler checks)\n                // but that won't work for other reasons. So do it here.\n                // (read: rewrite for 3.0)\n                JsonFormat.Value format = beanDesc.findExpectedFormat(null);\n                if ((format == null) || format.getShape() != JsonFormat.Shape.OBJECT) {\n                    MapLikeType mlt = (MapLikeType) type;\n                    if (mlt.isTrueMapType()) {\n                        return factory.createMapDeserializer(ctxt,(MapType) mlt, beanDesc);\n                    }\n                    return factory.createMapLikeDeserializer(ctxt, mlt, beanDesc);\n                }\n            }\n            if (type.isCollectionLikeType()) {\n                /* 03-Aug-2012, tatu: As per [databind#40], one exception is if shape\n                 *   is to be Shape.OBJECT. Ideally we'd determine it bit later on\n                 *   (to allow custom handler checks), but that won't work for other\n                 *   reasons. So do it here.\n                 */\n                JsonFormat.Value format = beanDesc.findExpectedFormat(null);\n                if ((format == null) || format.getShape() != JsonFormat.Shape.OBJECT) {\n                    CollectionLikeType clt = (CollectionLikeType) type;\n                    if (clt.isTrueCollectionType()) {\n                        return factory.createCollectionDeserializer(ctxt, (CollectionType) clt, beanDesc);\n                    }\n                    return factory.createCollectionLikeDeserializer(ctxt, clt, beanDesc);\n                }\n            }\n        }\n        if (type.isReferenceType()) {\n            return factory.createReferenceDeserializer(ctxt, (ReferenceType) type, beanDesc);\n        }\n        if (JsonNode.class.isAssignableFrom(type.getRawClass())) {\n            return factory.createTreeDeserializer(config, type, beanDesc);\n        }\n        return factory.createBeanDeserializer(ctxt, type, beanDesc);\n\n\n    public JsonDeserializer<Object> createBeanDeserializer(DeserializationContext ctxt,\n            JavaType type, BeanDescription beanDesc)\n        throws JsonMappingException\n    {\n        final DeserializationConfig config = ctxt.getConfig();\n        // We may also have custom overrides:\n        JsonDeserializer<Object> custom = _findCustomBeanDeserializer(type, config, beanDesc);\n        if (custom != null) {\n            return custom;\n        }\n        /* One more thing to check: do we have an exception type\n         * (Throwable or its sub-classes)? If so, need slightly\n         * different handling.\n         */\n        if (type.isThrowable()) {\n            return buildThrowableDeserializer(ctxt, type, beanDesc);\n        }\n        // Or, for abstract types, may have alternate means for resolution\n        // (defaulting, materialization)\n\n        // 29-Nov-2015, tatu: Also, filter out calls to primitive types, they are\n        //    not something we could materialize anything for\n        if (type.isAbstract() && !type.isPrimitive() && !type.isEnumType()) {\n            // Let's make it possible to materialize abstract types.\n            JavaType concreteType = materializeAbstractType(ctxt, type, beanDesc);\n            if (concreteType != null) {\n                /* important: introspect actual implementation (abstract class or\n                 * interface doesn't have constructors, for one)\n                 */\n                beanDesc = config.introspect(concreteType);\n                return buildBeanDeserializer(ctxt, concreteType, beanDesc);\n            }\n        }\n        // Otherwise, may want to check handlers for standard types, from superclass:\n        @SuppressWarnings(\"unchecked\")\n        JsonDeserializer<Object> deser = (JsonDeserializer<Object>) findStdDeserializer(ctxt, type, beanDesc);\n        if (deser != null) {\n            return deser;\n        }\n\n        // Otherwise: could the class be a Bean class? If not, bail out\n        if (!isPotentialBeanType(type.getRawClass())) {\n            return null;\n        }\n        // For checks like [databind#1599]\n        _validateSubType(ctxt, type, beanDesc);\n        // Use generic bean introspection to build deserializer\n        return buildBeanDeserializer(ctxt, type, beanDesc);\n\n\n    public JsonDeserializer<Object> buildBeanDeserializer(DeserializationContext ctxt,\n            JavaType type, BeanDescription beanDesc)\n        throws JsonMappingException\n    {\n        // First: check what creators we can use, if any\n        ValueInstantiator valueInstantiator;\n        /* 04-Jun-2015, tatu: To work around [databind#636], need to catch the\n         *    issue, defer; this seems like a reasonable good place for now.\n         *   Note, however, that for non-Bean types (Collections, Maps) this\n         *   probably won't work and needs to be added elsewhere.\n         */\n        try {\n            valueInstantiator = findValueInstantiator(ctxt, beanDesc);\n        } catch (NoClassDefFoundError error) {\n            return new ErrorThrowingDeserializer(error);\n        } catch (IllegalArgumentException e) {\n            // 05-Apr-2017, tatu: Although it might appear cleaner to require collector\n            //   to throw proper exception, it doesn't actually have reference to this\n            //   instance so...\n            throw InvalidDefinitionException.from(ctxt.getParser(), e.getMessage(),\n                    beanDesc, null);\n        }\n        BeanDeserializerBuilder builder = constructBeanDeserializerBuilder(ctxt, beanDesc);\n        builder.setValueInstantiator(valueInstantiator);\n         // And then setters for deserializing from JSON Object\n        addBeanProps(ctxt, beanDesc, builder);\n\n\n    protected void addBeanProps(DeserializationContext ctxt,\n            BeanDescription beanDesc, BeanDeserializerBuilder builder)\n        throws JsonMappingException\n    {\n        final boolean isConcrete = !beanDesc.getType().isAbstract();\n        final SettableBeanProperty[] creatorProps = isConcrete\n                ? builder.getValueInstantiator().getFromObjectArguments(ctxt.getConfig())\n                : null;\n        final boolean hasCreatorProps = (creatorProps != null);\n\n        // 01-May-2016, tatu: Which base type to use here gets tricky, since\n        //   it may often make most sense to use general type for overrides,\n        //   but what we have here may be more specific impl type. But for now\n        //   just use it as is.\n        JsonIgnoreProperties.Value ignorals = ctxt.getConfig()\n                .getDefaultPropertyIgnorals(beanDesc.getBeanClass(),\n                        beanDesc.getClassInfo());\n        Set<String> ignored;\n        if (ignorals != null) {\n            boolean ignoreAny = ignorals.getIgnoreUnknown();\n            builder.setIgnoreUnknownProperties(ignoreAny);\n            // Or explicit/implicit definitions?\n            ignored = ignorals.findIgnoredForDeserialization();\n            for (String propName : ignored) {\n                builder.addIgnorable(propName);\n            }\n        } else {\n            ignored = Collections.emptySet();\n        }\n\n        // Also, do we have a fallback \"any\" setter?\n        AnnotatedMember anySetter = beanDesc.findAnySetterAccessor();\n        if (anySetter != null) {\n            builder.setAnySetter(constructAnySetter(ctxt, beanDesc, anySetter));\n        } else {\n            // 23-Jan-2018, tatu: although [databind#1805] would suggest we should block\n            //   properties regardless, for now only consider unless there's any setter...\n            Collection<String> ignored2 = beanDesc.getIgnoredPropertyNames();\n            if (ignored2 != null) {\n                for (String propName : ignored2) {\n                    // allow ignoral of similarly named JSON property, but do not force;\n                    // latter means NOT adding this to 'ignored':\n                    builder.addIgnorable(propName);\n                }\n            }\n        }\n        final boolean useGettersAsSetters = ctxt.isEnabled(MapperFeature.USE_GETTERS_AS_SETTERS)\n                && ctxt.isEnabled(MapperFeature.AUTO_DETECT_GETTERS);\n\n        // Ok: let's then filter out property definitions\n        List<BeanPropertyDefinition> propDefs = filterBeanProps(ctxt,\n                beanDesc, builder, beanDesc.findProperties(), ignored);\n        // After which we can let custom code change the set\n        if (_factoryConfig.hasDeserializerModifiers()) {\n            for (BeanDeserializerModifier mod : _factoryConfig.deserializerModifiers()) {\n                propDefs = mod.updateProperties(ctxt.getConfig(), beanDesc, propDefs);\n            }\n        }\n\n        // At which point we still have all kinds of properties; not all with mutators:\n        for (BeanPropertyDefinition propDef : propDefs) {\n            SettableBeanProperty prop = null;\n            \n            // 18-Oct-2013, tatu: Although constructor parameters have highest precedence,\n            //   we need to do linkage (as per [databind#318]), and so need to start with\n            //   other types, and only then create constructor parameter, if any.\n            if (propDef.hasSetter()) {\n                AnnotatedMethod setter = propDef.getSetter();\n                JavaType propertyType = setter.getParameterType(0);\n                prop = constructSettableProperty(ctxt, beanDesc, propDef, propertyType);\n            } else if (propDef.hasField()) {\n                AnnotatedField field = propDef.getField();\n                JavaType propertyType = field.getType();\n                prop = constructSettableProperty(ctxt, beanDesc, propDef, propertyType);\n            } else {\n                // NOTE: specifically getter, since field was already checked above\n                AnnotatedMethod getter = propDef.getGetter();\n                if (getter != null) {\n                    if (useGettersAsSetters && _isSetterlessType(getter.getRawType())) {\n                        // 23-Jan-2018, tatu: As per [databind#1805], need to ensure we don't\n                        //   accidentally sneak in getter-as-setter for `READ_ONLY` properties\n                        if (builder.hasIgnorable(propDef.getName())) {\n                            ;\n                        } else {\n                            prop = constructSetterlessProperty(ctxt, beanDesc, propDef);\n                        }\n                    } else if (!propDef.hasConstructorParameter()) {\n                        PropertyMetadata md = propDef.getMetadata();\n                        // 25-Oct-2016, tatu: If merging enabled, might not need setter.\n                        //   We cannot quite support this with creator parameters; in theory\n                        //   possibly, but right not not due to complexities of routing, so\n                        //   just prevent\n                        if (md.getMergeInfo() != null) {\n                            prop = constructSetterlessProperty(ctxt, beanDesc, propDef);\n                        }\n                    }\n                }\n            }\n\n            // 25-Sep-2014, tatu: No point in finding constructor parameters for abstract types\n            //   (since they are never used anyway)\n            if (hasCreatorProps && propDef.hasConstructorParameter()) {\n                /* If property is passed via constructor parameter, we must\n                 * handle things in special way. Not sure what is the most optimal way...\n                 * for now, let's just call a (new) method in builder, which does nothing.\n                 */\n                // but let's call a method just to allow custom builders to be aware...\n                final String name = propDef.getName();\n                CreatorProperty cprop = null;\n                if (creatorProps != null) {\n                    for (SettableBeanProperty cp : creatorProps) {\n                        if (name.equals(cp.getName()) && (cp instanceof CreatorProperty)) {\n                            cprop = (CreatorProperty) cp;\n                            break;\n                        }\n                    }\n                }\n                if (cprop == null) {\n                    List<String> n = new ArrayList<>();\n                    for (SettableBeanProperty cp : creatorProps) {\n                        n.add(cp.getName());\n                    }\n                    ctxt.reportBadPropertyDefinition(beanDesc, propDef,\n                            \"Could not find creator property with name '%s' (known Creator properties: %s)\",\n                            name, n);\n\n\n    public <T> T reportBadPropertyDefinition(BeanDescription bean, BeanPropertyDefinition prop,\n            String msg, Object... msgArgs) throws JsonMappingException {\n        msg = _format(msg, msgArgs);\n        String propName = ClassUtil.nameOf(prop);\n        String beanDesc = ClassUtil.nameOf(bean.getBeanClass());\n        msg = String.format(\"Invalid definition for property %s (of type %s): %s\",\n                propName, beanDesc, msg);\n        throw InvalidDefinitionException.from(_parser, msg, bean, prop);\n\n\n    public static InvalidDefinitionException from(JsonParser p, String msg,\n            BeanDescription bean, BeanPropertyDefinition prop) {\n        return new InvalidDefinitionException(p, msg, bean, prop);\n\n\n"]]}