{"Type": ["String"], "AS": [], "BS": [], "BF": [["\n        mock.objectArgMethod(\"not null\");\n        verify(mock).objectArgMethod(same(null));\n\n        \n    public Object intercept(Object proxy, Method method, Object[] args, MethodProxy methodProxy)\n            throws Throwable {\n        if (objectMethodsGuru.isEqualsMethod(method)) {\n            return proxy == args[0];\n        } else if (objectMethodsGuru.isHashCodeMethod(method)) {\n            return hashCodeForMock(proxy);\n        }\n        \n        MockitoMethodProxy mockitoMethodProxy = createMockitoMethodProxy(methodProxy);\n        cglibHacker.setMockitoNamingPolicy(mockitoMethodProxy);\n        \n        MockitoMethod mockitoMethod = createMockitoMethod(method);\n        \n        FilteredCGLIBProxyRealMethod realMethod = new FilteredCGLIBProxyRealMethod(mockitoMethodProxy);\n        Invocation invocation = new Invocation(proxy, mockitoMethod, args, SequenceNumber.next(), realMethod);\n        return handler.handle(invocation);\n\n        \n    public Object handle(Invocation invocation) throws Throwable {\n        if (invocationContainerImpl.hasAnswersForStubbing()) {\n            // stubbing voids with stubVoid() or doAnswer() style\n            InvocationMatcher invocationMatcher = matchersBinder.bindMatchers(mockingProgress\n                            .getArgumentMatcherStorage(), invocation);\n            invocationContainerImpl.setMethodForStubbing(invocationMatcher);\n            return null;\n        }\n        VerificationMode verificationMode = mockingProgress.pullVerificationMode();\n\n        InvocationMatcher invocationMatcher = matchersBinder.bindMatchers(mockingProgress.getArgumentMatcherStorage(),\n                        invocation);\n\n        mockingProgress.validateState();\n\n        //if verificationMode is not null then someone is doing verify()        \n        if (verificationMode != null) {\n            //We need to check if verification was started on the correct mock \n            // - see VerifyingWithAnExtraCallToADifferentMockTest (bug 138)\n            //TODO: can I avoid this cast here?\n            if (((MockAwareVerificationMode) verificationMode).getMock() == invocation.getMock()) {                \n                VerificationDataImpl data = new VerificationDataImpl(invocationContainerImpl, invocationMatcher);            \n                verificationMode.verify(data);\n\n                \n    public void verify(VerificationData data) {\n        mode.verify(data);\n\n        \n    public void verify(VerificationData data) {\n        if (wantedCount > 0) {\n            MissingInvocationChecker missingInvocation = new MissingInvocationChecker();\n            missingInvocation.check(data.getAllInvocations(), data.getWanted());\n\n            \n    public void check(List<Invocation> invocations, InvocationMatcher wanted) {\n        List<Invocation> actualInvocations = finder.findInvocations(invocations, wanted);\n        \n        if (actualInvocations.isEmpty()) {\n            Invocation similar = finder.findSimilarInvocation(invocations, wanted);\n            if (similar != null) {\n                ArgumentMatchingTool argumentMatchingTool = new ArgumentMatchingTool();\n                Integer[] indexesOfSuspiciousArgs = argumentMatchingTool.getSuspiciouslyNotMatchingArgsIndexes(wanted.getMatchers(), similar.getArguments());\n\n                \n    public Integer[] getSuspiciouslyNotMatchingArgsIndexes(List<Matcher> matchers, Object[] arguments) {\n        if (matchers.size() != arguments.length) {\n            return new Integer[0];\n        }\n        \n        List<Integer> suspicious = new LinkedList<Integer>();\n        int i = 0;\n        for (Matcher m : matchers) {\n            if (m instanceof ContainsExtraTypeInformation \n                    && !safelyMatches(m, arguments[i]) \n                    && toStringEquals(m, arguments[i])\n                    && !((ContainsExtraTypeInformation) m).typeMatches(arguments[i]))\n\n                    \n    private boolean toStringEquals(Matcher m, Object arg) {\n        return StringDescription.toString(m).equals(arg == null? \"null\" : arg.toString());\n\n        \n    public void describeTo(Description description) {\n        actualMatcher.describeTo(description);\n\n        \n    public void describeTo(Description description) {\n        description.appendText(\"same(\");\n        appendQuoting(description);\n        description.appendText(wanted.toString());\n\n"]]}