{"BS": [], "BF": [["DateTime dt = new DateTime(2007, 10, 28, 2, 30, ZONE_MOSCOW);        assertEquals(\"2007-10-28T02:30:00.000+04:00\", dt.toString());\n"], ["        for (int min = 0; min < 60; min++) {\n            if (min < 10) {\n                doTest_getOffsetFromLocal(10, 28, 2, min, \"2007-10-28T02:0\" + min + \":00.000+04:00\", ZONE_MOSCOW);\n\n\n    private void doTest_getOffsetFromLocal(int month, int day, int hour, int min, String expected, DateTimeZone zone) {\n        doTest_getOffsetFromLocal(2007, month, day, hour, min, 0, 0, expected, zone);\n\n\n    private void doTest_getOffsetFromLocal(int year, int month, int day, int hour, int min, int sec, int milli, String expected, DateTimeZone zone) {\n        DateTime dt = new DateTime(year, month, day, hour, min, sec, milli, DateTimeZone.UTC);\n        int offset = zone.getOffsetFromLocal(dt.getMillis());\n        DateTime res = new DateTime(dt.getMillis() - offset, zone);\n        assertEquals(res.toString(), expected, res.toString());\n\n\n"], ["        for (int min = 0; min < 60; min++) {\n            if (min < 10) {\n//                doTest_getOffsetFromLocal(10, 28, 2, min, \"2007-10-28T02:0\" + min + \":00.000+04:00\", ZONE_MOSCOW);\n            } else {\n                doTest_getOffsetFromLocal(10, 28, 2, min, \"2007-10-28T02:\" + min + \":00.000+04:00\", ZONE_MOSCOW);\n\n\n    private void doTest_getOffsetFromLocal(int month, int day, int hour, int min, String expected, DateTimeZone zone) {\n        doTest_getOffsetFromLocal(2007, month, day, hour, min, 0, 0, expected, zone);\n\n\n    private void doTest_getOffsetFromLocal(int year, int month, int day, int hour, int min, int sec, int milli, String expected, DateTimeZone zone) {\n        DateTime dt = new DateTime(year, month, day, hour, min, sec, milli, DateTimeZone.UTC);\n        int offset = zone.getOffsetFromLocal(dt.getMillis());\n        DateTime res = new DateTime(dt.getMillis() - offset, zone);\n        assertEquals(res.toString(), expected, res.toString());\n\n\n"], ["        doTest_getOffsetFromLocal(10, 28, 0, 0, \"2007-10-28T00:00:00.000+04:00\", ZONE_MOSCOW);\n        doTest_getOffsetFromLocal(10, 28, 0,30, \"2007-10-28T00:30:00.000+04:00\", ZONE_MOSCOW);\n        doTest_getOffsetFromLocal(10, 28, 1, 0, \"2007-10-28T01:00:00.000+04:00\", ZONE_MOSCOW);\n        doTest_getOffsetFromLocal(10, 28, 1,30, \"2007-10-28T01:30:00.000+04:00\", ZONE_MOSCOW);\n        \n        doTest_getOffsetFromLocal(10, 28, 2, 0, \"2007-10-28T02:00:00.000+04:00\", ZONE_MOSCOW);\n\n\n    private void doTest_getOffsetFromLocal(int month, int day, int hour, int min, String expected, DateTimeZone zone) {\n        doTest_getOffsetFromLocal(2007, month, day, hour, min, 0, 0, expected, zone);\n\n\n    private void doTest_getOffsetFromLocal(int year, int month, int day, int hour, int min, int sec, int milli, String expected, DateTimeZone zone) {\n        DateTime dt = new DateTime(year, month, day, hour, min, sec, milli, DateTimeZone.UTC);\n        int offset = zone.getOffsetFromLocal(dt.getMillis());\n        DateTime res = new DateTime(dt.getMillis() - offset, zone);\n        assertEquals(res.toString(), expected, res.toString());\n\n\n"], ["        doTest_getOffsetFromLocal(10, 28, 0, 0, \"2007-10-28T00:00:00.000+04:00\", ZONE_MOSCOW);\n        doTest_getOffsetFromLocal(10, 28, 0,30, \"2007-10-28T00:30:00.000+04:00\", ZONE_MOSCOW);\n        doTest_getOffsetFromLocal(10, 28, 1, 0, \"2007-10-28T01:00:00.000+04:00\", ZONE_MOSCOW);\n        doTest_getOffsetFromLocal(10, 28, 1,30, \"2007-10-28T01:30:00.000+04:00\", ZONE_MOSCOW);\n        \n//        doTest_getOffsetFromLocal(10, 28, 2, 0, \"2007-10-28T02:00:00.000+04:00\", ZONE_MOSCOW);\n        doTest_getOffsetFromLocal(10, 28, 2,30, \"2007-10-28T02:30:00.000+04:00\", ZONE_MOSCOW);\n\n\n    private void doTest_getOffsetFromLocal(int month, int day, int hour, int min, String expected, DateTimeZone zone) {\n        doTest_getOffsetFromLocal(2007, month, day, hour, min, 0, 0, expected, zone);\n\n\n    private void doTest_getOffsetFromLocal(int year, int month, int day, int hour, int min, int sec, int milli, String expected, DateTimeZone zone) {\n        DateTime dt = new DateTime(year, month, day, hour, min, sec, milli, DateTimeZone.UTC);\n        int offset = zone.getOffsetFromLocal(dt.getMillis());\n        DateTime res = new DateTime(dt.getMillis() - offset, zone);\n        assertEquals(res.toString(), expected, res.toString());\n\n\n"], ["        doTest_getOffsetFromLocal(10, 28, 0, 0, \"2007-10-28T00:00:00.000+04:00\", ZONE_MOSCOW);\n        doTest_getOffsetFromLocal(10, 28, 0,30, \"2007-10-28T00:30:00.000+04:00\", ZONE_MOSCOW);\n        doTest_getOffsetFromLocal(10, 28, 1, 0, \"2007-10-28T01:00:00.000+04:00\", ZONE_MOSCOW);\n        doTest_getOffsetFromLocal(10, 28, 1,30, \"2007-10-28T01:30:00.000+04:00\", ZONE_MOSCOW);\n        \n//        doTest_getOffsetFromLocal(10, 28, 2, 0, \"2007-10-28T02:00:00.000+04:00\", ZONE_MOSCOW);\n//        doTest_getOffsetFromLocal(10, 28, 2,30, \"2007-10-28T02:30:00.000+04:00\", ZONE_MOSCOW);\n        doTest_getOffsetFromLocal(10, 28, 2,30,59,999, \"2007-10-28T02:30:59.999+04:00\", ZONE_MOSCOW);\n\n\n    private void doTest_getOffsetFromLocal(int month, int day, int hour, int min, int sec, int milli, String expected, DateTimeZone zone) {\n        doTest_getOffsetFromLocal(2007, month, day, hour, min, sec, milli, expected, zone);\n\n\n    private void doTest_getOffsetFromLocal(int year, int month, int day, int hour, int min, int sec, int milli, String expected, DateTimeZone zone) {\n        DateTime dt = new DateTime(year, month, day, hour, min, sec, milli, DateTimeZone.UTC);\n        int offset = zone.getOffsetFromLocal(dt.getMillis());\n        DateTime res = new DateTime(dt.getMillis() - offset, zone);\n        assertEquals(res.toString(), expected, res.toString());\n\n\n"], ["        doTest_getOffsetFromLocal(10, 28, 0, 0, \"2007-10-28T00:00:00.000+04:00\", ZONE_MOSCOW);\n        doTest_getOffsetFromLocal(10, 28, 0,30, \"2007-10-28T00:30:00.000+04:00\", ZONE_MOSCOW);\n        doTest_getOffsetFromLocal(10, 28, 1, 0, \"2007-10-28T01:00:00.000+04:00\", ZONE_MOSCOW);\n        doTest_getOffsetFromLocal(10, 28, 1,30, \"2007-10-28T01:30:00.000+04:00\", ZONE_MOSCOW);\n        \n//        doTest_getOffsetFromLocal(10, 28, 2, 0, \"2007-10-28T02:00:00.000+04:00\", ZONE_MOSCOW);\n//        doTest_getOffsetFromLocal(10, 28, 2,30, \"2007-10-28T02:30:00.000+04:00\", ZONE_MOSCOW);\n//        doTest_getOffsetFromLocal(10, 28, 2,30,59,999, \"2007-10-28T02:30:59.999+04:00\", ZONE_MOSCOW);\n        doTest_getOffsetFromLocal(10, 28, 2,59,59,998, \"2007-10-28T02:59:59.998+04:00\", ZONE_MOSCOW);\n\n\n    private void doTest_getOffsetFromLocal(int month, int day, int hour, int min, int sec, int milli, String expected, DateTimeZone zone) {\n        doTest_getOffsetFromLocal(2007, month, day, hour, min, sec, milli, expected, zone);\n\n\n    private void doTest_getOffsetFromLocal(int year, int month, int day, int hour, int min, int sec, int milli, String expected, DateTimeZone zone) {\n        DateTime dt = new DateTime(year, month, day, hour, min, sec, milli, DateTimeZone.UTC);\n        int offset = zone.getOffsetFromLocal(dt.getMillis());\n        DateTime res = new DateTime(dt.getMillis() - offset, zone);\n        assertEquals(res.toString(), expected, res.toString());\n\n\n"], ["        doTest_getOffsetFromLocal(10, 28, 0, 0, \"2007-10-28T00:00:00.000+04:00\", ZONE_MOSCOW);\n        doTest_getOffsetFromLocal(10, 28, 0,30, \"2007-10-28T00:30:00.000+04:00\", ZONE_MOSCOW);\n        doTest_getOffsetFromLocal(10, 28, 1, 0, \"2007-10-28T01:00:00.000+04:00\", ZONE_MOSCOW);\n        doTest_getOffsetFromLocal(10, 28, 1,30, \"2007-10-28T01:30:00.000+04:00\", ZONE_MOSCOW);\n        \n//        doTest_getOffsetFromLocal(10, 28, 2, 0, \"2007-10-28T02:00:00.000+04:00\", ZONE_MOSCOW);\n//        doTest_getOffsetFromLocal(10, 28, 2,30, \"2007-10-28T02:30:00.000+04:00\", ZONE_MOSCOW);\n//        doTest_getOffsetFromLocal(10, 28, 2,30,59,999, \"2007-10-28T02:30:59.999+04:00\", ZONE_MOSCOW);\n//        doTest_getOffsetFromLocal(10, 28, 2,59,59,998, \"2007-10-28T02:59:59.998+04:00\", ZONE_MOSCOW);\n        doTest_getOffsetFromLocal(10, 28, 2,59,59,999, \"2007-10-28T02:59:59.999+04:00\", ZONE_MOSCOW);\n\n\n    private void doTest_getOffsetFromLocal(int month, int day, int hour, int min, int sec, int milli, String expected, DateTimeZone zone) {\n        doTest_getOffsetFromLocal(2007, month, day, hour, min, sec, milli, expected, zone);\n\n\n    private void doTest_getOffsetFromLocal(int year, int month, int day, int hour, int min, int sec, int milli, String expected, DateTimeZone zone) {\n        DateTime dt = new DateTime(year, month, day, hour, min, sec, milli, DateTimeZone.UTC);\n        int offset = zone.getOffsetFromLocal(dt.getMillis());\n        DateTime res = new DateTime(dt.getMillis() - offset, zone);\n        assertEquals(res.toString(), expected, res.toString());\n\n\n"]]}